<desktopflowbinary desktopflowbinaryid="b7dcbc95-17a8-ef11-8a69-7c1e5229ea39">
  <data mimetype="application/json">ConnectorDefinition_49f0cff7-45db-421b-8f4a-92ee60d33058.json</data>
  <iscustomizable>1</iscustomizable>
  <name>Desktop flow connector definition</name>
  <process>
    <workflowid>abdcbc95-17a8-ef11-8a69-7c1e5229ea39</workflowid>
  </process>
  <reference>/providers/Microsoft.PowerApps/apis/shared_commondataserviceforapps</reference>
  <statecode>0</statecode>
  <statuscode>1</statuscode>
  <type>ConnectorDefinition</type>
</desktopflowbinary>