<desktopflowbinary desktopflowbinaryid="b01085fe-a933-4f0c-a3d3-4595f956b6c8">
  <data mimetype="application/json">ControlRepository_d9b293ae-0564-4f32-9782-24307a3dea46.json</data>
  <iscustomizable>1</iscustomizable>
  <metadata>{}</metadata>
  <mimetype>application/json</mimetype>
  <name>Desktop flow ui elements</name>
  <process>
    <workflowid>ba8eaa10-fb57-4fef-9240-e2690d67b906</workflowid>
  </process>
  <reference>controlRepo.appmask</reference>
  <statecode>0</statecode>
  <statuscode>1</statuscode>
  <type>ControlRepository</type>
</desktopflowbinary>