<desktopflowbinary desktopflowbinaryid="0533c8b9-72b0-4100-87b4-8911d5e3ab76">
  <data mimetype="application/json">DependenciesFile_0533c8b9-72b0-4100-87b4-8911d5e3ab76.json</data>
  <iscustomizable>1</iscustomizable>
  <metadata>{}</metadata>
  <mimetype>application/json</mimetype>
  <name>Desktop flow dependencies file</name>
  <process>
    <workflowid>ba8eaa10-fb57-4fef-9240-e2690d67b906</workflowid>
  </process>
  <reference>flow.dependencies</reference>
  <statecode>0</statecode>
  <statuscode>1</statuscode>
  <type>DependenciesFile</type>
</desktopflowbinary>