<desktopflowbinary desktopflowbinaryid="a69b82ff-8239-4f90-8b27-71f22767e698">
  <data mimetype="application/json">ImageRepository_b8c2a0a0-25d9-4ac1-8799-34b408ee4f1a.json</data>
  <iscustomizable>1</iscustomizable>
  <metadata>{}</metadata>
  <mimetype>application/json</mimetype>
  <name>Desktop flow images</name>
  <process>
    <workflowid>c74ad727-5617-4d54-89a9-9d7b35187d34</workflowid>
  </process>
  <reference>imageRepo.imgrepo</reference>
  <statecode>0</statecode>
  <statuscode>1</statuscode>
  <type>ImageRepository</type>
</desktopflowbinary>