<desktopflowbinary desktopflowbinaryid="c01dc740-e226-4cfa-a026-798619932f5e">
  <data mimetype="application/json">ManifestFile_c01dc740-e226-4cfa-a026-798619932f5e.json</data>
  <iscustomizable>1</iscustomizable>
  <metadata>{}</metadata>
  <mimetype>application/json</mimetype>
  <name>Desktop flow manifest file</name>
  <process>
    <workflowid>ba8eaa10-fb57-4fef-9240-e2690d67b906</workflowid>
  </process>
  <reference>flow.manifest</reference>
  <statecode>0</statecode>
  <statuscode>1</statuscode>
  <type>ManifestFile</type>
</desktopflowbinary>