<desktopflowbinary desktopflowbinaryid="2c75f0ca-1ba8-ef11-8a69-7c1e525038fc">
  <data mimetype="application/json">ManifestFile_2c75f0ca-1ba8-ef11-8a69-7c1e525038fc.json</data>
  <iscustomizable>1</iscustomizable>
  <name>Desktop flow manifest file</name>
  <process>
    <workflowid>1d75f0ca-1ba8-ef11-8a69-7c1e525038fc</workflowid>
  </process>
  <reference>flow.manifest</reference>
  <statecode>0</statecode>
  <statuscode>1</statuscode>
  <type>ManifestFile</type>
</desktopflowbinary>