<desktopflowbinary desktopflowbinaryid="4a9a4f60-2f17-431c-994f-f20844085ba6">
  <data mimetype="application/json">DependenciesFile_c5e37b99-f914-4a39-b520-4a789ac48644.json</data>
  <iscustomizable>1</iscustomizable>
  <metadata>{}</metadata>
  <mimetype>application/json</mimetype>
  <name>Desktop flow dependencies file</name>
  <process>
    <workflowid>582a1baf-a30a-ef11-9f89-000d3a24f839</workflowid>
  </process>
  <reference>flow.dependencies</reference>
  <statecode>0</statecode>
  <statuscode>1</statuscode>
  <type>DependenciesFile</type>
</desktopflowbinary>