{
  "ConnectorId": "/providers/Microsoft.PowerApps/apis/shared_sharepointonline",
  "Definition": {
    "Id": "/providers/Microsoft.PowerApps/apis/shared_sharepointonline",
    "Name": "shared_sharepointonline",
    "Properties": {
      "IsCustomApi": false,
      "Swagger": {
        "basePath": "/apim/sharepointonline",
        "definitions": {
          "Item": {
            "additionalProperties": {
              "$ref": "#/definitions/Object"
            },
            "x-ms-dynamic-properties": {
              "itemValuePath": "Schema/Items",
              "operationId": "GetTable",
              "parameters": {
                "dataset": {
                  "parameterReference": "dataset",
                  "value": null
                },
                "table": {
                  "parameterReference": "table",
                  "value": null
                },
                "view": {
                  "parameterReference": "view",
                  "value": null
                }
              }
            },
            "example": null,
            "properties": {
              "dynamicProperties": {
                "additionalProperties": {
                  "$ref": "#/definitions/Object"
                },
                "example": null,
                "type": "object",
                "default": null
              }
            },
            "type": "object",
            "default": null,
            "description": "Table item entity"
          },
          "Object": {
            "additionalProperties": null,
            "example": null,
            "properties": {},
            "type": "object",
            "default": null
          }
        },
        "host": "europe-002.azure-apim.net",
        "info": {
          "title": "SharePoint",
          "version": "1.0"
        },
        "parameters": {},
        "paths": {
          "/{connectionId}/datasets/{dataset}/tables/{table}/items": {
            "post": {
              "consumes": [],
              "deprecated": false,
              "description": "Creates a new item in a SharePoint list.",
              "externalDocs": {
                "url": "https://docs.microsoft.com/connectors/sharepointonline/#create-item"
              },
              "operationId": "PostItem",
              "parameters": [
                {
                  "in": "path",
                  "name": "connectionId",
                  "required": true,
                  "type": "string",
                  "default": null,
                  "x-ms-visibility": "internal"
                },
                {
                  "x-ms-dynamic-list": {
                    "itemsPath": "value",
                    "itemTitlePath": "DisplayName",
                    "itemValuePath": "Name",
                    "operationId": "GetDataSets",
                    "parameters": {}
                  },
                  "in": "path",
                  "name": "dataset",
                  "required": true,
                  "type": "string",
                  "default": null,
                  "description": "Example: https://contoso.sharepoint.com/sites/sitename",
                  "x-ms-summary": "Site Address",
                  "x-ms-url-encoding": "double"
                },
                {
                  "x-ms-dynamic-list": {
                    "itemsPath": "value",
                    "itemTitlePath": "DisplayName",
                    "itemValuePath": "Name",
                    "operationId": "GetTables",
                    "parameters": {
                      "dataset": {
                        "parameterReference": "dataset",
                        "value": null
                      }
                    }
                  },
                  "in": "path",
                  "name": "table",
                  "required": true,
                  "type": "string",
                  "default": null,
                  "description": "SharePoint list name",
                  "x-ms-summary": "List Name",
                  "x-ms-url-encoding": "double"
                },
                {
                  "in": "body",
                  "name": "item",
                  "required": true,
                  "schema": {
                    "additionalProperties": {
                      "$ref": "#/definitions/Item"
                    },
                    "x-ms-dynamic-properties": {
                      "itemValuePath": "Schema/Items",
                      "operationId": "GetTable",
                      "parameters": {
                        "dataset": {
                          "parameterReference": "dataset",
                          "value": null
                        },
                        "table": {
                          "parameterReference": "table",
                          "value": null
                        },
                        "view": {
                          "parameterReference": "view",
                          "value": null
                        }
                      }
                    },
                    "example": null,
                    "type": "object",
                    "default": null
                  },
                  "default": null,
                  "description": "Item to create",
                  "x-ms-summary": "Item"
                },
                {
                  "x-ms-dynamic-list": {
                    "itemTitlePath": "DisplayName",
                    "itemValuePath": "Name",
                    "operationId": "GetTableViews",
                    "parameters": {
                      "dataset": {
                        "parameterReference": "dataset",
                        "value": null
                      },
                      "table": {
                        "parameterReference": "table",
                        "value": null
                      }
                    }
                  },
                  "in": "query",
                  "name": "view",
                  "required": false,
                  "type": "string",
                  "default": null,
                  "description": "Avoid column threshold issues by only using columns defined in a view",
                  "x-ms-summary": "Limit Columns by View",
                  "x-ms-visibility": "advanced"
                }
              ],
              "produces": [
                "application/json",
                "text/json",
                "application/xml",
                "text/xml"
              ],
              "responses": {
                "200": {
                  "description": "OK",
                  "schema": {
                    "additionalProperties": {
                      "$ref": "#/definitions/Item"
                    },
                    "x-ms-dynamic-properties": {
                      "itemValuePath": "Schema/Items",
                      "operationId": "GetTable",
                      "parameters": {
                        "dataset": {
                          "parameterReference": "dataset",
                          "value": null
                        },
                        "table": {
                          "parameterReference": "table",
                          "value": null
                        },
                        "view": {
                          "parameterReference": "view",
                          "value": null
                        }
                      }
                    },
                    "example": null,
                    "type": "object",
                    "default": null
                  }
                },
                "default": {
                  "description": "Operation Failed."
                }
              },
              "summary": "Create item",
              "x-ms-visibility": "important"
            }
          }
        },
        "responses": {},
        "schemes": [
          "https"
        ],
        "swagger": "2.0"
      }
    }
  },
  "DynamicSchemas": {
    "903008207": {
      "ArgumentName": "item",
      "IsInput": true,
      "OperationId": "PostItem",
      "Schema": {
        "additionalProperties": null,
        "example": null,
        "properties": {
          "Title": {
            "additionalProperties": null,
            "example": null,
            "readOnly": false,
            "title": "Title",
            "type": "string",
            "x-ms-capabilities": {
              "filterFunctions": [
                "eq",
                "startswith"
              ]
            },
            "default": null,
            "maxLength": 255,
            "x-ms-property-name-alias": "item/Title"
          },
          "Timestamp": {
            "additionalProperties": null,
            "example": null,
            "readOnly": false,
            "title": "Timestamp",
            "type": "string",
            "x-ms-capabilities": {
              "filterFunctions": [
                "eq",
                "gt",
                "ge",
                "lt",
                "le",
                "ne"
              ]
            },
            "default": null,
            "format": "date-time",
            "x-ms-property-name-alias": "item/Timestamp"
          },
          "Machine": {
            "additionalProperties": null,
            "example": null,
            "readOnly": false,
            "title": "Machine",
            "type": "string",
            "x-ms-capabilities": {
              "filterFunctions": [
                "eq",
                "startswith"
              ]
            },
            "default": null,
            "maxLength": 255,
            "x-ms-property-name-alias": "item/Machine"
          },
          "Project": {
            "additionalProperties": null,
            "example": null,
            "readOnly": false,
            "title": "Project",
            "type": "string",
            "x-ms-capabilities": {
              "filterFunctions": [
                "eq",
                "startswith"
              ]
            },
            "default": null,
            "maxLength": 255,
            "x-ms-property-name-alias": "item/Project"
          },
          "Flow": {
            "additionalProperties": null,
            "example": null,
            "readOnly": false,
            "title": "Flow",
            "type": "string",
            "x-ms-capabilities": {
              "filterFunctions": [
                "eq",
                "startswith"
              ]
            },
            "default": null,
            "maxLength": 255,
            "x-ms-property-name-alias": "item/Flow"
          },
          "Subflow": {
            "additionalProperties": null,
            "example": null,
            "readOnly": false,
            "title": "Subflow",
            "type": "string",
            "x-ms-capabilities": {
              "filterFunctions": [
                "eq",
                "startswith"
              ]
            },
            "default": null,
            "maxLength": 255,
            "x-ms-property-name-alias": "item/Subflow"
          },
          "Message": {
            "additionalProperties": null,
            "example": null,
            "readOnly": false,
            "title": "Message",
            "type": "string",
            "default": null,
            "x-ms-property-name-alias": "item/Message"
          },
          "FlowRunURL": {
            "additionalProperties": null,
            "example": null,
            "readOnly": false,
            "title": "FlowRunURL",
            "type": "string",
            "default": null,
            "format": "uri",
            "x-ms-property-name-alias": "item/FlowRunURL"
          }
        },
        "required": [
          "Flow",
          "Machine",
          "Message",
          "Project",
          "Subflow",
          "Timestamp"
        ],
        "type": "object",
        "default": null
      },
      "TypeId": "903008207"
    },
    "-1550202392": {
      "ArgumentName": "PostItemResponse",
      "IsInput": false,
      "OperationId": "PostItem",
      "Schema": {
        "additionalProperties": null,
        "example": null,
        "properties": {
          "ID": {
            "additionalProperties": null,
            "example": null,
            "readOnly": true,
            "title": "ID",
            "type": "integer",
            "x-ms-capabilities": {
              "filterFunctions": [
                "eq"
              ]
            },
            "default": null,
            "description": "List item id. Use this value for specifying the item to act on in other list related actions.",
            "format": "int64",
            "x-ms-property-name-alias": "ID"
          },
          "Title": {
            "additionalProperties": null,
            "example": null,
            "readOnly": false,
            "title": "Title",
            "type": "string",
            "x-ms-capabilities": {
              "filterFunctions": [
                "eq",
                "startswith"
              ]
            },
            "default": null,
            "maxLength": 255,
            "x-ms-property-name-alias": "Title"
          },
          "Timestamp": {
            "additionalProperties": null,
            "example": null,
            "readOnly": false,
            "title": "Timestamp",
            "type": "string",
            "x-ms-capabilities": {
              "filterFunctions": [
                "eq",
                "gt",
                "ge",
                "lt",
                "le",
                "ne"
              ]
            },
            "default": null,
            "format": "date-time",
            "x-ms-property-name-alias": "Timestamp"
          },
          "Machine": {
            "additionalProperties": null,
            "example": null,
            "readOnly": false,
            "title": "Machine",
            "type": "string",
            "x-ms-capabilities": {
              "filterFunctions": [
                "eq",
                "startswith"
              ]
            },
            "default": null,
            "maxLength": 255,
            "x-ms-property-name-alias": "Machine"
          },
          "Project": {
            "additionalProperties": null,
            "example": null,
            "readOnly": false,
            "title": "Project",
            "type": "string",
            "x-ms-capabilities": {
              "filterFunctions": [
                "eq",
                "startswith"
              ]
            },
            "default": null,
            "maxLength": 255,
            "x-ms-property-name-alias": "Project"
          },
          "Flow": {
            "additionalProperties": null,
            "example": null,
            "readOnly": false,
            "title": "Flow",
            "type": "string",
            "x-ms-capabilities": {
              "filterFunctions": [
                "eq",
                "startswith"
              ]
            },
            "default": null,
            "maxLength": 255,
            "x-ms-property-name-alias": "Flow"
          },
          "Subflow": {
            "additionalProperties": null,
            "example": null,
            "readOnly": false,
            "title": "Subflow",
            "type": "string",
            "x-ms-capabilities": {
              "filterFunctions": [
                "eq",
                "startswith"
              ]
            },
            "default": null,
            "maxLength": 255,
            "x-ms-property-name-alias": "Subflow"
          },
          "Message": {
            "additionalProperties": null,
            "example": null,
            "readOnly": false,
            "title": "Message",
            "type": "string",
            "default": null,
            "x-ms-property-name-alias": "Message"
          },
          "FlowRunURL": {
            "additionalProperties": null,
            "example": null,
            "readOnly": false,
            "title": "FlowRunURL",
            "type": "string",
            "default": null,
            "format": "uri",
            "x-ms-property-name-alias": "FlowRunURL"
          },
          "OData__ColorTag": {
            "additionalProperties": null,
            "example": null,
            "readOnly": true,
            "title": "Color Tag",
            "type": "string",
            "x-ms-capabilities": {
              "filterFunctions": [
                "eq",
                "startswith"
              ]
            },
            "default": null,
            "maxLength": 255,
            "x-ms-property-name-alias": "OData__ColorTag"
          },
          "ComplianceAssetId": {
            "additionalProperties": null,
            "example": null,
            "readOnly": true,
            "title": "Compliance Asset Id",
            "type": "string",
            "x-ms-capabilities": {
              "filterFunctions": [
                "eq",
                "startswith"
              ]
            },
            "default": null,
            "maxLength": 255,
            "x-ms-property-name-alias": "ComplianceAssetId"
          },
          "Modified": {
            "additionalProperties": null,
            "example": null,
            "readOnly": true,
            "title": "Modified",
            "type": "string",
            "x-ms-capabilities": {
              "filterFunctions": [
                "eq",
                "gt",
                "ge",
                "lt",
                "le",
                "ne"
              ]
            },
            "default": null,
            "description": "When this item was last changed.",
            "format": "date-time",
            "x-ms-property-name-alias": "Modified"
          },
          "Created": {
            "additionalProperties": null,
            "example": null,
            "readOnly": true,
            "title": "Created",
            "type": "string",
            "x-ms-capabilities": {
              "filterFunctions": [
                "eq",
                "gt",
                "ge",
                "lt",
                "le",
                "ne"
              ]
            },
            "default": null,
            "description": "When this item was created.",
            "format": "date-time",
            "x-ms-property-name-alias": "Created"
          },
          "Author": {
            "additionalProperties": null,
            "example": null,
            "properties": {
              "Claims": {
                "additionalProperties": null,
                "x-ms-dynamic-list": {
                  "itemsPath": "value",
                  "itemTitlePath": "DisplayName",
                  "itemValuePath": "Claims",
                  "operationId": "GetEntityValues",
                  "parameters": {
                    "dataset": {
                      "parameterReference": "dataset",
                      "required": true,
                      "value": null
                    },
                    "table": {
                      "parameterReference": "table",
                      "required": true,
                      "value": null
                    },
                    "id": {
                      "value": "1df5e554-ec7e-46a6-901d-d85a3881cb18"
                    }
                  }
                },
                "example": null,
                "readOnly": true,
                "title": "Claims",
                "type": "string",
                "default": null,
                "description": "Internal identifier for the user who created this item.",
                "x-ms-property-name-alias": "Author/Claims"
              },
              "DisplayName": {
                "additionalProperties": null,
                "example": null,
                "readOnly": true,
                "title": "DisplayName",
                "type": "string",
                "x-ms-capabilities": {
                  "filterFunctions": [
                    "eq",
                    "startswith"
                  ]
                },
                "default": null,
                "description": "The name of the user who created this item.",
                "x-ms-property-name-alias": "Author/DisplayName"
              },
              "Email": {
                "additionalProperties": null,
                "example": null,
                "readOnly": true,
                "title": "Email",
                "type": "string",
                "x-ms-capabilities": {
                  "filterFunctions": [
                    "eq",
                    "startswith"
                  ]
                },
                "default": null,
                "description": "Email address of the user who created this item.",
                "format": "email",
                "x-ms-property-name-alias": "Author/Email"
              },
              "Picture": {
                "additionalProperties": null,
                "example": null,
                "readOnly": true,
                "title": "Picture",
                "type": "string",
                "default": null,
                "description": "Link to a picture of the user who created this item.",
                "format": "uri",
                "x-ms-property-name-alias": "Author/Picture"
              },
              "Department": {
                "additionalProperties": null,
                "example": null,
                "readOnly": true,
                "title": "Department",
                "type": "string",
                "default": null,
                "description": "Department name of the user who created this item.",
                "x-ms-property-name-alias": "Author/Department"
              },
              "JobTitle": {
                "additionalProperties": null,
                "example": null,
                "readOnly": true,
                "title": "JobTitle",
                "type": "string",
                "default": null,
                "description": "Job title of the user who created this item.",
                "x-ms-property-name-alias": "Author/JobTitle"
              }
            },
            "readOnly": true,
            "required": [],
            "title": "Created By",
            "type": "object",
            "x-ms-capabilities": {
              "filterFunctions": [
                "eq"
              ]
            },
            "default": null,
            "description": "The user who created this item.",
            "x-ms-property-name-alias": "Author"
          },
          "Editor": {
            "additionalProperties": null,
            "example": null,
            "properties": {
              "Claims": {
                "additionalProperties": null,
                "x-ms-dynamic-list": {
                  "itemsPath": "value",
                  "itemTitlePath": "DisplayName",
                  "itemValuePath": "Claims",
                  "operationId": "GetEntityValues",
                  "parameters": {
                    "dataset": {
                      "parameterReference": "dataset",
                      "required": true,
                      "value": null
                    },
                    "table": {
                      "parameterReference": "table",
                      "required": true,
                      "value": null
                    },
                    "id": {
                      "value": "d31655d1-1d5b-4511-95a1-7a09e9b75bf2"
                    }
                  }
                },
                "example": null,
                "readOnly": true,
                "title": "Claims",
                "type": "string",
                "default": null,
                "description": "Internal identifier for the user who last changed this item.",
                "x-ms-property-name-alias": "Editor/Claims"
              },
              "DisplayName": {
                "additionalProperties": null,
                "example": null,
                "readOnly": true,
                "title": "DisplayName",
                "type": "string",
                "x-ms-capabilities": {
                  "filterFunctions": [
                    "eq",
                    "startswith"
                  ]
                },
                "default": null,
                "description": "The name of the user who last changed this item.",
                "x-ms-property-name-alias": "Editor/DisplayName"
              },
              "Email": {
                "additionalProperties": null,
                "example": null,
                "readOnly": true,
                "title": "Email",
                "type": "string",
                "x-ms-capabilities": {
                  "filterFunctions": [
                    "eq",
                    "startswith"
                  ]
                },
                "default": null,
                "description": "Email address of the user who last changed this item.",
                "format": "email",
                "x-ms-property-name-alias": "Editor/Email"
              },
              "Picture": {
                "additionalProperties": null,
                "example": null,
                "readOnly": true,
                "title": "Picture",
                "type": "string",
                "default": null,
                "description": "Link to a picture of the user who last changed this item.",
                "format": "uri",
                "x-ms-property-name-alias": "Editor/Picture"
              },
              "Department": {
                "additionalProperties": null,
                "example": null,
                "readOnly": true,
                "title": "Department",
                "type": "string",
                "default": null,
                "description": "Department name of the user who last changed this item.",
                "x-ms-property-name-alias": "Editor/Department"
              },
              "JobTitle": {
                "additionalProperties": null,
                "example": null,
                "readOnly": true,
                "title": "JobTitle",
                "type": "string",
                "default": null,
                "description": "Job title of the user who last changed this item.",
                "x-ms-property-name-alias": "Editor/JobTitle"
              }
            },
            "readOnly": true,
            "required": [],
            "title": "Modified By",
            "type": "object",
            "x-ms-capabilities": {
              "filterFunctions": [
                "eq"
              ]
            },
            "default": null,
            "description": "The user who last changed this item.",
            "x-ms-property-name-alias": "Editor"
          },
          "{Identifier}": {
            "additionalProperties": null,
            "example": null,
            "readOnly": true,
            "title": "Identifier",
            "type": "string",
            "default": null,
            "description": "Value that can be used in file related actions for selecting a file.",
            "x-ms-property-name-alias": "{Identifier}"
          },
          "{IsFolder}": {
            "additionalProperties": null,
            "example": null,
            "readOnly": true,
            "title": "IsFolder",
            "type": "boolean",
            "default": null,
            "description": "True when the item is a folder, false otherwise.",
            "x-ms-property-name-alias": "{IsFolder}"
          },
          "{Thumbnail}": {
            "additionalProperties": null,
            "example": null,
            "properties": {
              "Small": {
                "additionalProperties": null,
                "example": null,
                "readOnly": true,
                "title": "Small",
                "type": "string",
                "default": null,
                "description": "URL to the small, highly compressed size thumbnail of the item, if available.",
                "x-ms-property-name-alias": "{Thumbnail}/Small"
              },
              "Medium": {
                "additionalProperties": null,
                "example": null,
                "readOnly": true,
                "title": "Medium",
                "type": "string",
                "default": null,
                "description": "URL to the standard size thumbnail of the item, if available.",
                "x-ms-property-name-alias": "{Thumbnail}/Medium"
              },
              "Large": {
                "additionalProperties": null,
                "example": null,
                "readOnly": true,
                "title": "Large",
                "type": "string",
                "default": null,
                "description": "URL to the largest size thumbnail of the item, if available.",
                "x-ms-property-name-alias": "{Thumbnail}/Large"
              }
            },
            "readOnly": true,
            "required": [],
            "title": "Miniatiūra",
            "type": "object",
            "default": null,
            "description": "Elemento 3 skirtingų dydžių miniatiūrų URL, jei yra.",
            "x-ms-property-name-alias": "{Thumbnail}"
          },
          "{Link}": {
            "additionalProperties": null,
            "example": null,
            "readOnly": true,
            "title": "Link to item",
            "type": "string",
            "default": null,
            "description": "Link that can be used to get to the file or list item. Only people with permissions to the item will be able to open the link.",
            "x-ms-property-name-alias": "{Link}"
          },
          "{Name}": {
            "additionalProperties": null,
            "example": null,
            "readOnly": true,
            "title": "Name",
            "type": "string",
            "default": null,
            "description": "File name of the item in document libraries, display name of the item in lists.",
            "x-ms-property-name-alias": "{Name}"
          },
          "{FilenameWithExtension}": {
            "additionalProperties": null,
            "example": null,
            "readOnly": true,
            "title": "File name with extension",
            "type": "string",
            "default": null,
            "description": "For libraries, returns file name including extension. For lists, returns the title property.",
            "x-ms-property-name-alias": "{FilenameWithExtension}"
          },
          "{Path}": {
            "additionalProperties": null,
            "example": null,
            "readOnly": true,
            "title": "Folder path",
            "type": "string",
            "default": null,
            "description": "Path to the folder the item is in, relative to the site address.",
            "x-ms-property-name-alias": "{Path}"
          },
          "{FullPath}": {
            "additionalProperties": null,
            "example": null,
            "readOnly": true,
            "title": "Full Path",
            "type": "string",
            "default": null,
            "description": "Full path of an item or a folder or a file",
            "x-ms-property-name-alias": "{FullPath}"
          },
          "{ModerationStatus}": {
            "additionalProperties": null,
            "example": null,
            "readOnly": true,
            "title": "Content approval status",
            "type": "string",
            "default": null,
            "description": "The content approval status. It can be one of the following: Draft, Pending, Approved, or Rejected",
            "x-ms-property-name-alias": "{ModerationStatus}"
          },
          "{ModerationComment}": {
            "additionalProperties": null,
            "example": null,
            "readOnly": true,
            "title": "Comments associated with the content approval of this list item",
            "type": "string",
            "default": null,
            "description": "The comments associated with moderation of the list item.",
            "x-ms-property-name-alias": "{ModerationComment}"
          },
          "{HasAttachments}": {
            "additionalProperties": null,
            "example": null,
            "readOnly": true,
            "title": "Has attachments",
            "type": "boolean",
            "default": null,
            "description": "Indicates the presence of attachments in the item.",
            "x-ms-property-name-alias": "{HasAttachments}"
          },
          "{VersionNumber}": {
            "additionalProperties": null,
            "example": null,
            "readOnly": true,
            "title": "Version number",
            "type": "string",
            "default": null,
            "description": "The version number of the file or the list item.",
            "x-ms-property-name-alias": "{VersionNumber}"
          },
          "{TriggerWindowStartToken}": {
            "additionalProperties": null,
            "example": null,
            "readOnly": true,
            "title": "Trigger Window Start Token",
            "type": "string",
            "default": null,
            "description": "A token expressing the time of the last flow check. Use this if you want to check if one or more columns were modified since the last flow check.",
            "x-ms-property-name-alias": "{TriggerWindowStartToken}"
          },
          "{TriggerWindowEndToken}": {
            "additionalProperties": null,
            "example": null,
            "readOnly": true,
            "title": "Trigger Window End Token",
            "type": "string",
            "default": null,
            "description": "A token expressing the time of the current flow check. Use this if you want to check if one or more columns were modified since the last flow check.",
            "x-ms-property-name-alias": "{TriggerWindowEndToken}"
          }
        },
        "required": [
          "Flow",
          "Machine",
          "Message",
          "Project",
          "Subflow",
          "Timestamp"
        ],
        "type": "object",
        "default": null
      },
      "TypeId": "-1550202392"
    }
  },
  "Locale": "en-US"
}