<desktopflowbinary desktopflowbinaryid="2675f0ca-1ba8-ef11-8a69-7c1e525038fc">
  <data mimetype="application/json">ConnectorDefinition_040eb5db-1ef5-4e54-9c88-ff709362a4a7.json</data>
  <iscustomizable>1</iscustomizable>
  <name>Desktop flow connector definition</name>
  <process>
    <workflowid>1d75f0ca-1ba8-ef11-8a69-7c1e525038fc</workflowid>
  </process>
  <reference>/providers/Microsoft.PowerApps/apis/shared_sharepointonline</reference>
  <statecode>0</statecode>
  <statuscode>1</statuscode>
  <type>ConnectorDefinition</type>
</desktopflowbinary>