<desktopflowbinary desktopflowbinaryid="be7d1fa2-2be0-4927-90f9-0ebb8a993a56">
  <data mimetype="application/json">ConnectorDefinition_be7d1fa2-2be0-4927-90f9-0ebb8a993a56.json</data>
  <iscustomizable>1</iscustomizable>
  <metadata>{}</metadata>
  <mimetype>application/json</mimetype>
  <name>Desktop flow connector definition</name>
  <process>
    <workflowid>2a80c691-72fd-4222-99f2-2a4ee54b2b71</workflowid>
  </process>
  <reference>/providers/Microsoft.PowerApps/apis/shared_sharepointonline</reference>
  <statecode>0</statecode>
  <statuscode>1</statuscode>
  <type>ConnectorDefinition</type>
</desktopflowbinary>