<desktopflowbinary desktopflowbinaryid="5096f842-c52f-42e0-9658-5fca42f26d4a">
  <data mimetype="application/json">DependenciesFile_3a704551-15d1-437c-abc2-d8292f4c4f9e.json</data>
  <iscustomizable>1</iscustomizable>
  <metadata>{}</metadata>
  <mimetype>application/json</mimetype>
  <name>Desktop flow dependencies file</name>
  <process>
    <workflowid>78ac15ae-980a-ef11-9f89-000d3a24f839</workflowid>
  </process>
  <reference>flow.dependencies</reference>
  <statecode>0</statecode>
  <statuscode>1</statuscode>
  <type>DependenciesFile</type>
</desktopflowbinary>