<desktopflowbinary desktopflowbinaryid="d243ac57-504c-47ce-9282-9f827cf10e99">
  <data mimetype="application/json">ImageRepository_a53a971c-31a5-4a19-8e92-e73707554371.json</data>
  <iscustomizable>1</iscustomizable>
  <metadata>{}</metadata>
  <mimetype>application/json</mimetype>
  <name>Desktop flow images</name>
  <process>
    <workflowid>582a1baf-a30a-ef11-9f89-000d3a24f839</workflowid>
  </process>
  <reference>imageRepo.imgrepo</reference>
  <statecode>0</statecode>
  <statuscode>1</statuscode>
  <type>ImageRepository</type>
</desktopflowbinary>