<desktopflowbinary desktopflowbinaryid="3621d1e4-db78-46ea-b765-3f9e8a6d5dcc">
  <data mimetype="application/json">ImageRepository_3621d1e4-db78-46ea-b765-3f9e8a6d5dcc.json</data>
  <iscustomizable>1</iscustomizable>
  <metadata>{}</metadata>
  <mimetype>application/json</mimetype>
  <name>Desktop flow images</name>
  <process>
    <workflowid>8bba4a93-fbb7-478c-b098-a5ca91273227</workflowid>
  </process>
  <reference>imageRepo.imgrepo</reference>
  <statecode>0</statecode>
  <statuscode>1</statuscode>
  <type>ImageRepository</type>
</desktopflowbinary>