<desktopflowbinary desktopflowbinaryid="2275f0ca-1ba8-ef11-8a69-7c1e525038fc">
  <data mimetype="application/json">ImageRepository_979ce609-15a4-4776-8f01-e14135acfd9f.json</data>
  <iscustomizable>1</iscustomizable>
  <name>Desktop flow images</name>
  <process>
    <workflowid>1d75f0ca-1ba8-ef11-8a69-7c1e525038fc</workflowid>
  </process>
  <reference>imageRepo.imgrepo</reference>
  <statecode>0</statecode>
  <statuscode>1</statuscode>
  <type>ImageRepository</type>
</desktopflowbinary>