<desktopflowbinary desktopflowbinaryid="21671da6-a29d-4ab5-bf58-19582c94dc87">
  <data mimetype="application/json">DependenciesFile_21671da6-a29d-4ab5-bf58-19582c94dc87.json</data>
  <iscustomizable>1</iscustomizable>
  <metadata>{}</metadata>
  <mimetype>application/json</mimetype>
  <name>Desktop flow dependencies file</name>
  <process>
    <workflowid>8bba4a93-fbb7-478c-b098-a5ca91273227</workflowid>
  </process>
  <reference>flow.dependencies</reference>
  <statecode>0</statecode>
  <statuscode>1</statuscode>
  <type>DependenciesFile</type>
</desktopflowbinary>