<ImportExportXml version="9.2.24063.176" SolutionPackageVersion="9.2" languagecode="1033" generatedBy="CrmLive" xmlns:xsi="http://www.w3.org/2001/XMLSchema-instance">
  <SolutionManifest>
    <UniqueName>PADFramework</UniqueName>
    <LocalizedNames>
      <LocalizedName description="PADFramework" languagecode="1033" />
    </LocalizedNames>
    <Descriptions />
    <Version>1.0.02407.1937</Version>
    <Managed>0</Managed>
    <Publisher>
      <UniqueName>Definra</UniqueName>
      <LocalizedNames>
        <LocalizedName description="Definra UAB" languagecode="1033" />
      </LocalizedNames>
      <Descriptions />
      <EMailAddress xsi:nil="true"></EMailAddress>
      <SupportingWebsiteUrl xsi:nil="true"></SupportingWebsiteUrl>
      <CustomizationPrefix>def</CustomizationPrefix>
      <CustomizationOptionValuePrefix>77557</CustomizationOptionValuePrefix>
      <Addresses>
        <Address>
          <AddressNumber>1</AddressNumber>
          <AddressTypeCode>1</AddressTypeCode>
          <City xsi:nil="true"></City>
          <County xsi:nil="true"></County>
          <Country xsi:nil="true"></Country>
          <Fax xsi:nil="true"></Fax>
          <FreightTermsCode xsi:nil="true"></FreightTermsCode>
          <ImportSequenceNumber xsi:nil="true"></ImportSequenceNumber>
          <Latitude xsi:nil="true"></Latitude>
          <Line1 xsi:nil="true"></Line1>
          <Line2 xsi:nil="true"></Line2>
          <Line3 xsi:nil="true"></Line3>
          <Longitude xsi:nil="true"></Longitude>
          <Name xsi:nil="true"></Name>
          <PostalCode xsi:nil="true"></PostalCode>
          <PostOfficeBox xsi:nil="true"></PostOfficeBox>
          <PrimaryContactName xsi:nil="true"></PrimaryContactName>
          <ShippingMethodCode>1</ShippingMethodCode>
          <StateOrProvince xsi:nil="true"></StateOrProvince>
          <Telephone1 xsi:nil="true"></Telephone1>
          <Telephone2 xsi:nil="true"></Telephone2>
          <Telephone3 xsi:nil="true"></Telephone3>
          <TimeZoneRuleVersionNumber xsi:nil="true"></TimeZoneRuleVersionNumber>
          <UPSZone xsi:nil="true"></UPSZone>
          <UTCOffset xsi:nil="true"></UTCOffset>
          <UTCConversionTimeZoneCode xsi:nil="true"></UTCConversionTimeZoneCode>
        </Address>
        <Address>
          <AddressNumber>2</AddressNumber>
          <AddressTypeCode>1</AddressTypeCode>
          <City xsi:nil="true"></City>
          <County xsi:nil="true"></County>
          <Country xsi:nil="true"></Country>
          <Fax xsi:nil="true"></Fax>
          <FreightTermsCode xsi:nil="true"></FreightTermsCode>
          <ImportSequenceNumber xsi:nil="true"></ImportSequenceNumber>
          <Latitude xsi:nil="true"></Latitude>
          <Line1 xsi:nil="true"></Line1>
          <Line2 xsi:nil="true"></Line2>
          <Line3 xsi:nil="true"></Line3>
          <Longitude xsi:nil="true"></Longitude>
          <Name xsi:nil="true"></Name>
          <PostalCode xsi:nil="true"></PostalCode>
          <PostOfficeBox xsi:nil="true"></PostOfficeBox>
          <PrimaryContactName xsi:nil="true"></PrimaryContactName>
          <ShippingMethodCode>1</ShippingMethodCode>
          <StateOrProvince xsi:nil="true"></StateOrProvince>
          <Telephone1 xsi:nil="true"></Telephone1>
          <Telephone2 xsi:nil="true"></Telephone2>
          <Telephone3 xsi:nil="true"></Telephone3>
          <TimeZoneRuleVersionNumber xsi:nil="true"></TimeZoneRuleVersionNumber>
          <UPSZone xsi:nil="true"></UPSZone>
          <UTCOffset xsi:nil="true"></UTCOffset>
          <UTCConversionTimeZoneCode xsi:nil="true"></UTCConversionTimeZoneCode>
        </Address>
      </Addresses>
    </Publisher>
    <RootComponents>
      <RootComponent type="29" id="{2a80c691-72fd-4222-99f2-2a4ee54b2b71}" behavior="0" />
      <RootComponent type="29" id="{582a1baf-a30a-ef11-9f89-000d3a24f839}" behavior="0" />
      <RootComponent type="29" id="{78ac15ae-980a-ef11-9f89-000d3a24f839}" behavior="0" />
      <RootComponent type="29" id="{8bba4a93-fbb7-478c-b098-a5ca91273227}" behavior="0" />
      <RootComponent type="29" id="{a08238ca-5ec4-422d-8eaf-1766d05ec8fe}" behavior="0" />
      <RootComponent type="29" id="{a261fa2e-fce6-49c8-909a-a94012906030}" behavior="0" />
      <RootComponent type="29" id="{aa0a967a-5f8c-4891-b6c1-87536e7f3d0b}" behavior="0" />
      <RootComponent type="29" id="{b1b933bf-5746-4c79-9b99-12da65958023}" behavior="0" />
      <RootComponent type="29" id="{ba8eaa10-fb57-4fef-9240-e2690d67b906}" behavior="0" />
      <RootComponent type="29" id="{c515285c-5a5d-4379-b50b-96837d0796d2}" behavior="0" />
      <RootComponent type="29" id="{c74ad727-5617-4d54-89a9-9d7b35187d34}" behavior="0" />
    </RootComponents>
    <MissingDependencies />
  </SolutionManifest>
</ImportExportXml>