<desktopflowbinary desktopflowbinaryid="75273f55-583e-4fe3-879c-d0c2080fabb2">
  <data mimetype="application/json">ControlRepository_16f94b92-92d1-49cd-a4ce-468466e7a31a.json</data>
  <iscustomizable>1</iscustomizable>
  <metadata>{}</metadata>
  <mimetype>application/json</mimetype>
  <name>Desktop flow ui elements</name>
  <process>
    <workflowid>8bba4a93-fbb7-478c-b098-a5ca91273227</workflowid>
  </process>
  <reference>controlRepo.appmask</reference>
  <statecode>0</statecode>
  <statuscode>1</statuscode>
  <type>ControlRepository</type>
</desktopflowbinary>