<desktopflowbinary desktopflowbinaryid="c70d4c95-4c4a-4418-802f-16c5ef2ca631">
  <data mimetype="application/json">ControlRepository_18b87127-43e0-4cda-a1fb-d53910574f07.json</data>
  <iscustomizable>1</iscustomizable>
  <metadata>{}</metadata>
  <mimetype>application/json</mimetype>
  <name>Desktop flow ui elements</name>
  <process>
    <workflowid>78ac15ae-980a-ef11-9f89-000d3a24f839</workflowid>
  </process>
  <reference>controlRepo.appmask</reference>
  <statecode>0</statecode>
  <statuscode>1</statuscode>
  <type>ControlRepository</type>
</desktopflowbinary>