<desktopflowbinary desktopflowbinaryid="b5dcbc95-17a8-ef11-8a69-7c1e5229ea39">
  <data mimetype="application/json">ManifestFile_b5dcbc95-17a8-ef11-8a69-7c1e5229ea39.json</data>
  <iscustomizable>1</iscustomizable>
  <name>Desktop flow manifest file</name>
  <process>
    <workflowid>abdcbc95-17a8-ef11-8a69-7c1e5229ea39</workflowid>
  </process>
  <reference>flow.manifest</reference>
  <statecode>0</statecode>
  <statuscode>1</statuscode>
  <type>ManifestFile</type>
</desktopflowbinary>